12,5,2003,12,44,15,18,1,42
12,9,2003,14,15,48,4,24,41
12,12,2003,16,32,46,9,45,26
12,16,2003,47,16,31,24,46,47
12,19,2003,5,10,39,17,35,38
12,23,2003,2,49,13,21,22,52
12,26,2003,29,20,10,17,1,36
12,30,2003,46,21,12,32,18,49
1,2,2004,8,7,36,48,44,9
1,6,2004,32,7,15,25,13,9
1,9,2004,49,24,47,32,38,12
1,13,2004,18,21,17,45,3,21
1,16,2004,49,12,26,41,44,44
1,20,2004,45,5,14,7,21,36
1,23,2004,18,10,33,46,51,13
1,27,2004,38,20,10,50,6,27
1,30,2004,40,28,17,51,30,44
2,3,2004,41,26,21,35,9,17
2,6,2004,6,16,49,30,1,13
2,10,2004,32,22,10,3,7,23
2,13,2004,30,45,14,43,42,30
2,17,2004,36,34,2,52,8,21
2,20,2004,1,30,21,20,13,24
2,24,2004,6,52,49,43,11,21
2,27,2004,9,36,52,24,2,44
3,2,2004,25,50,30,35,40,4
3,5,2004,49,30,40,52,47,3
3,9,2004,29,36,23,51,16,49
3,12,2004,32,4,36,29,35,11
3,16,2004,51,49,45,28,3,52
3,19,2004,9,32,14,6,50,4
3,23,2004,46,22,12,39,35,32
3,26,2004,37,8,17,10,49,20
3,30,2004,3,45,31,27,41,33
4,2,2004,17,46,25,8,47,13
4,6,2004,39,32,29,8,17,49
4,9,2004,11,23,10,8,2,40
4,13,2004,13,51,39,50,36,34
4,16,2004,51,24,42,29,6,41
4,20,2004,37,48,46,22,12,49
4,23,2004,48,22,47,25,8,27
4,27,2004,10,35,17,1,23,45
4,30,2004,32,50,39,21,15,34
5,4,2004,15,37,39,29,3,40
5,7,2004,19,44,14,17,50,17
5,11,2004,9,34,25,37,30,30
5,14,2004,10,32,36,19,46,6
5,18,2004,46,44,2,51,36,45
5,21,2004,49,20,27,4,38,31
5,25,2004,39,5,36,34,18,43
5,28,2004,13,27,39,36,51,33
6,1,2004,7,17,16,48,26,15
6,4,2004,4,47,16,18,41,46
6,8,2004,45,37,17,29,24,43
6,11,2004,28,12,52,39,36,36
6,15,2004,29,27,18,23,44,24
6,18,2004,10,15,7,51,11,23
6,22,2004,10,52,17,41,9,19
6,25,2004,32,18,19,29,42,32
6,29,2004,10,13,19,38,28,1
7,2,2004,39,38,25,10,50,12
7,6,2004,6,31,7,8,48,19
7,9,2004,29,11,45,23,25,16
7,13,2004,37,52,39,13,31,38
7,16,2004,35,44,21,3,22,7
7,20,2004,44,6,15,32,21,13
7,23,2004,37,5,35,12,25,12
7,27,2004,24,13,8,10,11,46
7,30,2004,19,21,34,16,35,22
8,3,2004,1,13,2,16,22,31
8,6,2004,23,38,4,33,49,7
8,10,2004,31,25,18,44,29,33
8,13,2004,14,45,31,48,41,20
8,17,2004,36,22,28,26,23,10
8,20,2004,12,17,37,34,39,34
8,24,2004,5,2,47,50,21,46
8,27,2004,5,46,25,47,38,14
8,31,2004,14,42,25,15,44,3
9,3,2004,14,44,34,38,4,10
9,7,2004,30,51,36,38,13,35
9,10,2004,17,11,52,27,45,5
9,14,2004,12,37,38,50,35,49
9,17,2004,38,25,49,16,3,4
9,21,2004,15,19,3,1,29,39
9,24,2004,26,49,11,50,30,52
9,28,2004,18,50,1,42,39,35
10,1,2004,17,10,8,24,39,52
10,5,2004,8,39,48,49,34,47
10,8,2004,16,17,41,33,21,6
10,12,2004,51,19,18,39,4,13
10,15,2004,36,4,8,30,24,25
10,19,2004,34,6,50,19,13,33
10,22,2004,20,3,24,7,43,36
10,26,2004,39,43,49,25,14,27
10,29,2004,41,18,26,10,31,48
11,2,2004,32,42,24,49,50,3
11,5,2004,3,41,30,29,43,1
11,9,2004,28,11,20,52,26,7
11,12,2004,5,51,35,31,33,1
11,16,2004,30,9,28,27,10,18
11,19,2004,36,1,51,12,24,38
11,23,2004,35,30,8,51,32,17
11,26,2004,43,9,37,7,18,34
11,30,2004,22,20,52,10,28,4
12,3,2004,32,52,41,12,37,13
12,7,2004,19,49,32,1,22,29
12,10,2004,37,47,23,22,42,15
12,14,2004,40,27,34,32,14,2
12,17,2004,38,42,34,47,16,1
12,21,2004,7,22,31,38,27,12
12,24,2004,20,9,22,41,42,10
12,28,2004,32,38,29,18,43,50
12,31,2004,47,10,51,45,14,20
1,4,2005,12,3,7,32,6,30
1,7,2005,14,15,8,2,51,38
1,11,2005,24,45,23,35,2,18
1,14,2005,24,15,19,47,40,50
1,18,2005,51,28,39,23,10,5
1,21,2005,27,40,17,41,39,21
1,25,2005,2,45,10,21,25,22
1,28,2005,39,31,52,47,25,43
2,1,2005,44,17,21,3,42,35
2,4,2005,12,3,30,14,52,34
2,8,2005,8,14,25,11,23,21
2,11,2005,21,50,24,6,14,28
2,15,2005,21,38,3,20,16,10
2,18,2005,19,35,42,1,31,34
2,22,2005,18,28,41,45,15,27
2,25,2005,50,38,13,37,4,24
3,1,2005,48,39,18,8,1,1
3,4,2005,7,13,10,39,35,21
3,8,2005,14,8,22,31,15,13
3,11,2005,35,36,18,31,19,17
3,15,2005,14,34,26,27,44,27
3,18,2005,9,48,29,2,28,33
3,22,2005,11,43,37,27,6,34
3,25,2005,19,11,49,18,45,2
3,29,2005,42,17,18,30,7,38
4,1,2005,28,11,32,19,45,10
4,5,2005,45,4,19,51,52,22
4,8,2005,35,13,5,17,33,35
4,12,2005,20,47,43,50,15,24
4,15,2005,37,26,49,39,25,29
4,19,2005,42,14,5,47,6,3
4,22,2005,49,46,25,23,43,26
4,26,2005,33,42,18,34,22,16
4,29,2005,7,2,28,46,5,21
5,3,2005,46,42,17,7,52,47
5,6,2005,12,25,51,50,7,19
5,10,2005,40,38,25,42,11,40
5,13,2005,39,27,23,21,33,8
5,17,2005,10,29,7,44,9,17
5,20,2005,40,3,27,44,6,9
5,24,2005,45,39,28,40,9,24
5,27,2005,17,7,34,50,22,24
5,31,2005,5,13,38,22,37,11
6,3,2005,47,28,6,4,14,42
6,7,2005,7,14,46,47,28,25
6,10,2005,29,50,14,37,31,34
6,14,2005,29,10,48,49,1,36
6,17,2005,40,50,35,16,49,34
6,21,2005,46,13,40,50,9,30
6,24,2005,44,14,56,43,50,7
6,28,2005,37,43,46,2,20,4
7,1,2005,42,41,50,14,25,40
7,5,2005,50,38,55,22,48,29
7,8,2005,45,23,50,9,48,3
7,12,2005,32,39,17,53,5,36
7,15,2005,25,13,48,36,9,2
7,19,2005,13,54,7,48,51,11
7,22,2005,35,54,27,7,18,34
7,26,2005,29,55,1,18,10,8
7,29,2005,4,16,25,23,40,22
8,2,2005,50,22,39,17,52,46
8,5,2005,5,53,48,50,3,4
8,9,2005,35,43,36,52,13,5
8,12,2005,54,45,38,8,37,21
8,16,2005,9,55,20,15,24,3
8,19,2005,36,2,18,46,13,36
8,23,2005,8,6,13,7,40,12
8,26,2005,54,38,5,20,47,35
8,30,2005,19,56,42,32,49,29
9,2,2005,1,53,14,4,45,33
9,6,2005,1,50,8,31,27,40
9,9,2005,51,15,52,43,28,11
9,13,2005,44,52,48,13,24,30
9,16,2005,5,41,50,16,46,1
9,20,2005,40,35,36,42,52,45
9,23,2005,41,6,20,7,51,38
9,27,2005,26,17,14,28,27,5
9,30,2005,1,30,52,3,14,10
10,4,2005,28,12,36,29,24,41
10,7,2005,23,27,36,2,4,37
10,11,2005,54,42,30,53,24,20
10,14,2005,25,34,6,20,24,44
10,18,2005,3,33,12,32,16,15
10,21,2005,17,28,36,29,11,42
10,25,2005,18,12,7,55,31,30
10,28,2005,25,53,28,8,17,1
11,1,2005,28,18,21,36,5,20
11,4,2005,54,9,7,41,53,38
11,8,2005,21,25,8,27,16,16
11,11,2005,14,9,51,34,50,40
11,15,2005,4,40,2,48,5,7
11,18,2005,8,18,21,46,42,11
11,22,2005,37,43,9,22,41,30
11,25,2005,25,31,5,34,33,41
11,29,2005,7,52,8,47,51,5
12,2,2005,12,3,38,44,21,45
12,6,2005,33,26,10,6,30,16
12,9,2005,15,14,31,43,32,20
12,13,2005,41,22,9,10,12,4
12,16,2005,25,31,56,14,26,17
12,20,2005,6,56,23,20,40,36
12,23,2005,39,10,37,54,49,8
12,27,2005,55,27,24,49,11,23
12,30,2005,14,25,44,20,40,37
1,3,2006,20,38,19,15,32,21
1,6,2006,28,53,11,37,8,12
1,10,2006,38,37,7,27,32,30
1,13,2006,27,53,5,21,44,36
1,17,2006,39,32,24,40,37,44
1,20,2006,28,18,22,44,53,46
1,24,2006,36,34,55,31,51,4
1,27,2006,2,7,29,8,18,46
1,31,2006,53,1,54,35,56,44
2,3,2006,52,29,32,41,31,42
2,7,2006,30,48,2,25,16,26
2,10,2006,24,46,39,43,40,2
2,14,2006,49,54,36,27,43,33
2,17,2006,16,31,46,25,43,28
2,21,2006,23,14,45,36,27,36
2,24,2006,34,3,12,5,16,27
2,28,2006,2,4,35,48,36,22
3,3,2006,39,29,38,25,46,4
3,7,2006,36,15,27,42,38,32
3,10,2006,18,4,51,54,17,31
3,14,2006,30,42,28,50,27,22
3,17,2006,52,11,23,48,8,5
3,21,2006,28,17,31,16,4,8
3,24,2006,49,2,47,1,17,19
3,28,2006,14,39,18,35,49,14
3,31,2006,19,7,52,4,50,15
4,4,2006,56,25,9,48,51,7
4,7,2006,52,31,46,18,1,37
4,11,2006,12,2,56,45,46,20
4,14,2006,10,8,18,33,29,10
4,18,2006,13,34,25,14,50,6
4,21,2006,7,27,4,41,2,4
4,25,2006,39,20,1,37,32,9
4,28,2006,16,36,29,32,55,12
5,2,2006,11,22,27,31,7,33
5,5,2006,53,8,55,20,39,10
5,9,2006,43,7,15,24,44,22
5,12,2006,45,39,36,52,6,45
5,16,2006,24,50,40,48,7,15
5,19,2006,12,56,31,5,51,1
5,23,2006,54,48,17,21,28,1
5,26,2006,14,48,12,20,47,24
5,30,2006,13,34,45,28,2,36
6,2,2006,38,36,18,3,10,41
6,6,2006,52,53,35,29,5,9
6,9,2006,26,47,17,18,8,37
6,13,2006,23,24,33,20,1,29
6,16,2006,30,36,27,45,38,13
6,20,2006,54,37,11,21,53,12
6,23,2006,13,17,24,34,56,24
6,27,2006,44,29,20,14,2,32
6,30,2006,48,46,54,20,40,27
7,4,2006,15,9,42,31,45,41
7,7,2006,46,56,7,15,27,39
7,11,2006,5,34,36,14,52,42
7,14,2006,13,56,26,25,28,39
7,18,2006,52,29,13,49,12,20
7,21,2006,43,36,35,18,26,24
7,25,2006,21,51,41,7,24,10
7,28,2006,2,32,23,35,13,4
8,1,2006,49,32,43,14,29,14
8,4,2006,31,55,24,50,2,44
8,8,2006,1,13,33,18,5,30
8,11,2006,38,14,40,16,49,29
8,15,2006,44,22,10,12,48,16
8,18,2006,5,13,46,12,50,10
8,22,2006,36,3,5,4,7,16
8,25,2006,17,24,35,46,54,33
8,29,2006,38,15,37,52,25,4
9,1,2006,53,51,6,55,5,12
9,5,2006,42,53,32,1,36,4
9,8,2006,9,53,52,17,34,2
9,12,2006,44,30,16,3,25,42
9,15,2006,55,39,26,33,6,1
9,19,2006,56,19,2,45,44,43
9,22,2006,17,43,22,12,7,16
9,26,2006,38,3,42,6,45,30
9,29,2006,25,43,55,45,3,40
10,3,2006,6,40,32,19,33,39
10,6,2006,20,1,11,21,46,18
10,10,2006,40,14,43,30,35,2
10,13,2006,27,24,50,47,42,8
10,17,2006,28,6,20,18,38,37
10,20,2006,54,29,13,23,9,34
10,24,2006,41,48,25,51,5,35
10,27,2006,32,22,30,26,15,31
10,31,2006,5,40,46,45,34,21
11,3,2006,10,25,8,22,55,22
11,7,2006,33,13,52,22,51,42
11,10,2006,55,52,53,42,11,28
11,14,2006,20,25,36,9,24,23
11,17,2006,19,25,50,30,5,42
11,21,2006,42,7,20,13,47,9
11,24,2006,48,47,35,40,14,35
11,28,2006,41,56,7,14,24,7
12,1,2006,37,22,23,53,16,35
12,5,2006,46,9,6,13,43,45
12,8,2006,32,45,1,15,29,8
12,12,2006,20,35,31,49,30,23
12,15,2006,17,7,40,28,6,39
12,19,2006,48,9,32,42,37,7
12,22,2006,34,5,12,25,15,43
12,26,2006,25,44,12,7,53,3
12,29,2006,10,3,4,39,50,29
1,2,2007,9,51,53,10,38,1
1,5,2007,46,44,2,12,51,6
1,9,2007,54,11,7,38,26,13
1,12,2007,40,42,26,12,14,22
1,16,2007,33,52,15,4,8,10
1,19,2007,35,28,4,30,31,17
1,23,2007,15,5,53,26,3,35
1,26,2007,17,49,36,16,54,14
1,30,2007,56,44,18,14,52,25
2,2,2007,53,40,35,22,33,15
2,6,2007,36,46,21,35,16,38
2,9,2007,48,46,39,32,49,41
2,13,2007,3,24,9,29,41,41
2,16,2007,46,40,35,17,48,41
2,20,2007,1,46,51,26,9,11
2,23,2007,50,38,21,3,18,43
2,27,2007,31,48,44,18,45,18
3,2,2007,33,21,51,35,14,43
3,6,2007,42,39,29,22,16,20
3,9,2007,25,13,42,43,10,30
3,13,2007,11,7,38,16,49,35
3,16,2007,36,40,17,43,25,9
3,20,2007,21,49,46,7,55,15
3,23,2007,35,51,21,53,18,36
3,27,2007,34,18,25,42,35,6
3,30,2007,15,37,53,23,48,22
4,3,2007,46,33,16,26,34,38
4,6,2007,36,39,24,32,34,6
4,10,2007,28,15,16,19,7,10
4,13,2007,11,14,25,26,21,33
4,17,2007,1,11,47,31,4,37
4,20,2007,53,1,9,10,23,40
4,24,2007,8,10,43,36,35,14
4,27,2007,5,26,56,38,7,15
5,1,2007,31,53,11,52,16,42
5,4,2007,55,9,45,4,20,34
5,8,2007,16,43,54,41,24,36
5,11,2007,54,28,33,30,48,25
5,15,2007,13,42,56,46,6,42
5,18,2007,13,30,44,24,23,5
5,22,2007,11,2,36,7,22,35
5,25,2007,43,22,14,10,42,1
5,29,2007,54,2,51,44,24,7
6,1,2007,48,32,19,12,29,9
6,5,2007,49,38,35,56,27,15
6,8,2007,26,39,6,31,29,31
6,12,2007,19,50,3,31,13,21
6,15,2007,1,16,26,30,5,21
6,19,2007,54,5,16,49,31,19
6,22,2007,11,14,24,21,31,23
6,26,2007,4,20,10,45,29,21
6,29,2007,51,40,1,52,17,7
7,3,2007,37,21,35,40,39,35
7,6,2007,47,9,25,3,12,37
7,10,2007,19,30,24,34,56,19
7,13,2007,7,41,53,39,48,21
7,17,2007,51,16,30,38,46,5
7,20,2007,6,13,52,41,30,26
7,24,2007,8,17,23,20,50,17
7,27,2007,35,7,12,55,54,2
7,31,2007,5,18,39,43,37,42
8,3,2007,51,29,46,42,16,40
8,7,2007,50,41,56,36,55,9
8,10,2007,32,33,10,54,20,39
8,14,2007,24,9,34,5,8,17
8,17,2007,53,38,8,2,33,12
8,21,2007,54,38,55,56,8,2
8,24,2007,51,53,46,21,4,5
8,28,2007,40,56,37,48,53,44
8,31,2007,40,44,18,8,22,11
9,4,2007,3,46,6,11,42,38
9,7,2007,14,48,27,34,19,3
9,11,2007,10,35,17,9,21,6
9,14,2007,40,33,5,12,9,27
9,18,2007,49,20,34,24,31,8
9,21,2007,21,33,23,5,45,43
9,25,2007,47,54,19,2,23,16
9,28,2007,4,20,13,25,33,42
10,2,2007,44,37,43,40,28,20
10,5,2007,48,10,19,40,37,1
10,9,2007,51,17,32,10,1,44
10,12,2007,34,54,21,26,44,23
10,16,2007,5,2,44,1,41,25
10,19,2007,5,18,46,23,15,14
10,23,2007,7,45,2,52,53,18
10,26,2007,12,24,51,38,20,3
10,30,2007,51,46,2,8,44,22
11,2,2007,1,49,52,34,3,19
11,6,2007,47,46,43,3,17,2
11,9,2007,42,11,41,46,33,21
11,13,2007,40,15,26,39,36,45
11,16,2007,13,31,39,30,12,29
11,20,2007,43,14,23,20,42,6
11,23,2007,33,21,18,56,42,11
11,27,2007,9,29,39,10,26,10
11,30,2007,12,6,51,26,5,7
12,4,2007,53,45,27,30,16,43
12,7,2007,51,18,12,28,26,35
12,11,2007,27,30,25,6,45,46
12,14,2007,4,30,7,17,12,44
12,18,2007,48,23,49,46,3,2
12,21,2007,14,20,19,53,43,7
12,25,2007,37,52,48,19,36,8
12,28,2007,28,2,54,19,22,25
1,1,2008,54,16,13,25,30,11
1,4,2008,39,56,24,40,31,32
1,8,2008,52,29,45,10,54,10
1,11,2008,55,45,36,42,22,42
1,15,2008,21,30,44,42,50,6
1,18,2008,12,43,22,44,33,15
1,22,2008,25,12,15,33,22,2
1,25,2008,12,22,5,38,56,22
1,29,2008,23,8,42,39,40,24
2,1,2008,44,56,3,30,14,5
2,5,2008,40,4,5,51,17,38
2,8,2008,30,21,43,50,46,18
2,12,2008,47,39,27,14,50,12
2,15,2008,11,30,53,26,7,14
2,19,2008,56,55,42,1,38,34
2,22,2008,12,22,19,7,13,10
2,26,2008,12,9,55,30,36,15
2,29,2008,26,55,17,22,5,38
3,4,2008,56,30,7,15,33,22
3,7,2008,41,32,48,33,19,12
3,11,2008,47,13,4,41,35,44
3,14,2008,25,3,12,18,52,21
3,18,2008,20,13,44,15,25,37
3,21,2008,8,5,41,19,17,21
3,25,2008,43,53,42,48,38,12
3,28,2008,27,40,26,7,43,10
4,1,2008,56,17,26,4,46,25
4,4,2008,3,49,5,40,45,17
4,8,2008,8,9,44,31,37,38
4,11,2008,18,27,14,42,31,7
4,15,2008,48,12,50,27,13,30
4,18,2008,53,28,36,50,24,29
4,22,2008,22,48,3,31,54,9
4,25,2008,37,19,52,32,45,41
4,29,2008,44,51,24,35,19,26
5,2,2008,37,8,53,28,55,26
5,6,2008,46,53,4,21,54,26
5,9,2008,16,56,31,43,46,22
5,13,2008,20,47,31,27,24,15
5,16,2008,47,11,46,39,6,26
5,20,2008,26,2,41,14,32,32
5,23,2008,11,8,22,4,30,4
5,27,2008,49,32,24,14,45,17
5,30,2008,40,55,47,39,53,32
6,3,2008,54,32,19,4,24,5
6,6,2008,43,44,9,54,8,27
6,10,2008,15,3,51,5,43,11
6,13,2008,38,9,8,14,44,36
6,17,2008,14,5,47,49,25,36
6,20,2008,36,42,25,11,17,13
6,24,2008,53,22,36,10,50,39
6,27,2008,14,50,22,8,39,44
7,1,2008,33,22,1,52,43,36
7,4,2008,19,3,1,12,20,28
7,8,2008,29,22,20,41,1,35
7,11,2008,51,39,14,5,16,34
7,15,2008,45,24,51,19,34,40
7,18,2008,55,36,29,53,17,26
7,22,2008,16,29,23,2,32,46
7,25,2008,16,19,52,2,35,17
7,29,2008,30,11,20,42,13,3
8,1,2008,56,18,13,9,17,2
8,5,2008,38,55,9,21,36,13
8,8,2008,11,32,17,28,50,33
8,12,2008,7,38,40,2,23,40
8,15,2008,8,29,30,23,53,7
8,19,2008,40,18,19,26,9,38
8,22,2008,42,12,13,41,15,37
8,26,2008,16,34,24,6,36,30
8,29,2008,50,21,25,26,51,22
9,2,2008,43,14,44,23,54,39
9,5,2008,15,6,27,1,46,39
9,9,2008,22,28,49,52,23,2
9,12,2008,14,1,35,25,12,38
9,16,2008,51,24,39,52,13,44
9,19,2008,9,2,48,51,41,37
9,23,2008,9,32,43,34,52,4
9,26,2008,31,36,6,14,13,36
9,30,2008,39,35,9,49,30,36
10,3,2008,52,32,41,13,28,16
10,7,2008,42,38,2,25,35,34
10,10,2008,48,15,43,46,14,21
10,14,2008,14,41,42,51,35,23
10,17,2008,27,7,15,28,31,35
10,21,2008,42,16,44,19,39,38
10,24,2008,52,33,5,34,47,18
10,28,2008,48,6,45,46,39,36
10,31,2008,17,29,2,47,7,40
11,4,2008,23,41,21,10,55,9
11,7,2008,24,32,14,43,44,21
11,11,2008,55,27,38,42,5,41
11,14,2008,3,19,34,18,30,3
11,18,2008,53,52,10,22,15,12
11,21,2008,52,56,1,22,53,45
11,25,2008,11,22,51,52,2,46
11,28,2008,46,30,48,44,10,44
12,2,2008,32,17,2,22,51,35
12,5,2008,46,27,21,55,52,14
12,9,2008,33,11,31,26,12,27
12,12,2008,27,16,10,19,48,25
12,16,2008,10,14,29,40,16,6
12,19,2008,54,39,16,13,3,32
12,23,2008,13,27,1,8,41,45
12,26,2008,19,37,6,29,33,31
12,30,2008,44,29,52,22,1,39
1,2,2009,34,2,11,21,19,38
1,6,2009,11,19,12,3,33,30
1,9,2009,45,50,25,23,30,8
1,13,2009,25,33,22,36,48,40
1,16,2009,4,2,39,51,21,29
1,20,2009,46,35,10,9,1,9
1,23,2009,20,17,2,27,28,7
1,27,2009,12,3,21,11,14,25
1,30,2009,19,53,16,13,55,2
2,3,2009,29,56,43,4,15,29
2,6,2009,28,12,31,18,2,3
2,10,2009,47,29,38,18,43,7
2,13,2009,25,37,51,40,36,20
2,17,2009,23,27,1,9,33,24
2,20,2009,45,21,55,28,41,24
2,24,2009,40,1,27,35,28,6
2,27,2009,56,37,50,24,44,35
3,3,2009,35,43,52,26,32,10
3,6,2009,55,46,11,37,18,45
3,10,2009,39,31,2,40,27,23
3,13,2009,46,12,26,50,10,23
3,17,2009,28,9,24,15,31,17
3,20,2009,20,39,40,15,16,26
3,24,2009,44,25,4,34,43,45
3,27,2009,15,50,38,24,10,19
3,31,2009,14,47,53,39,48,29
4,3,2009,39,22,16,38,48,42
4,7,2009,4,2,13,36,17,15
4,10,2009,42,18,25,51,36,22
4,14,2009,22,48,50,11,4,42
4,17,2009,13,5,35,26,45,32
4,21,2009,37,24,47,5,52,6
4,24,2009,9,21,49,20,48,7
4,28,2009,44,36,15,20,24,6
5,1,2009,40,9,16,43,24,35
5,5,2009,23,38,39,54,5,3
5,8,2009,12,32,29,27,34,34
5,12,2009,8,51,10,4,14,31
5,15,2009,48,12,24,7,36,27
5,19,2009,9,4,42,15,2,13
5,22,2009,49,34,3,29,42,29
5,26,2009,55,21,18,9,37,33
5,29,2009,23,36,39,30,48,34
6,2,2009,13,26,30,35,9,33
6,5,2009,52,38,20,5,41,20
6,9,2009,31,5,17,36,56,46
6,12,2009,6,44,11,32,20,38
6,16,2009,15,21,26,9,45,25
6,19,2009,4,9,46,16,12,44
6,23,2009,12,31,16,50,14,9
6,26,2009,15,17,29,46,11,16
6,30,2009,55,49,54,7,34,34
7,3,2009,11,6,7,5,25,31
7,7,2009,39,25,27,38,35,28
7,10,2009,10,5,26,27,28,4
7,14,2009,20,35,53,45,29,41
7,17,2009,47,17,50,40,8,13
7,21,2009,50,8,21,3,52,2
7,24,2009,6,51,3,43,52,36
7,28,2009,48,4,17,24,25,34
7,31,2009,56,35,44,17,52,22
8,4,2009,28,1,50,42,34,27
8,7,2009,7,35,45,18,56,3
8,11,2009,6,12,15,42,32,40
8,14,2009,35,25,8,22,33,46
8,18,2009,5,56,37,26,4,25
8,21,2009,49,9,44,38,48,13
8,25,2009,40,19,22,3,12,2
8,28,2009,37,1,17,31,54,31
9,1,2009,2,28,53,51,9,19
9,4,2009,44,6,4,21,2,37
9,8,2009,18,4,10,50,28,35
9,11,2009,48,27,54,16,49,2
9,15,2009,29,35,41,30,32,39
9,18,2009,31,52,18,27,36,33
9,22,2009,29,26,33,46,39,24
9,25,2009,27,7,52,49,42,19
9,29,2009,45,21,50,25,2,21
10,2,2009,53,55,15,51,24,11
10,6,2009,56,9,51,53,33,39
10,9,2009,21,14,51,24,3,14
10,13,2009,17,51,45,34,31,24
10,16,2009,51,10,13,18,33,43
10,20,2009,45,17,55,25,13,8
10,23,2009,54,48,45,56,27,2
10,27,2009,46,7,13,51,37,2
10,30,2009,15,38,4,29,17,20
11,3,2009,23,38,31,5,18,20
11,6,2009,40,11,46,7,27,8
11,10,2009,37,34,29,21,8,15
11,13,2009,54,43,49,45,27,44
11,17,2009,22,50,8,49,27,28
11,20,2009,3,4,56,7,16,39
11,24,2009,37,35,50,10,11,12
11,27,2009,12,25,39,45,37,11
12,1,2009,53,17,52,39,30,21
12,4,2009,51,41,33,4,56,38
12,8,2009,28,30,20,46,23,29
12,11,2009,34,21,27,2,44,45
12,15,2009,32,27,31,36,47,35
12,18,2009,44,49,30,20,10,24
12,22,2009,39,35,45,3,33,13
12,25,2009,52,4,44,16,54,20
12,29,2009,2,35,5,29,51,3
1,1,2010,27,6,41,8,40,21
1,5,2010,28,50,13,39,55,10
1,8,2010,36,18,31,43,20,33
1,12,2010,31,56,9,5,37,16
1,15,2010,7,19,4,38,21,29
1,19,2010,34,41,4,5,38,18
1,22,2010,27,52,13,8,28,9
1,26,2010,38,7,39,8,48,22
1,29,2010,23,1,38,22,10,19
2,2,2010,6,49,7,27,26,9
2,5,2010,10,53,20,51,45,41
2,9,2010,48,17,26,2,20,12
2,12,2010,17,47,16,14,33,23
2,16,2010,45,12,21,29,11,5
2,19,2010,42,46,39,1,22,36
2,23,2010,40,4,16,53,36,18
2,26,2010,54,56,14,4,29,40
3,2,2010,48,47,9,12,56,25
3,5,2010,11,34,44,31,52,32
3,9,2010,18,19,16,29,14,16
3,12,2010,53,2,48,25,15,41
3,16,2010,48,22,56,52,3,13
3,19,2010,50,31,10,45,54,25
3,23,2010,3,25,40,29,28,13
3,26,2010,47,46,23,52,41,22
3,30,2010,11,24,44,38,1,41
4,2,2010,22,2,30,31,17,19
4,6,2010,52,43,16,44,56,26
4,9,2010,39,15,18,48,53,3
4,13,2010,47,39,12,3,27,32
4,16,2010,48,50,10,31,16,44
4,20,2010,10,34,8,5,42,25
4,23,2010,52,26,28,37,19,18
4,27,2010,50,41,37,23,55,6
4,30,2010,41,14,20,47,53,40
5,4,2010,21,9,36,43,31,8
5,7,2010,7,50,2,20,34,40
5,11,2010,26,54,43,33,46,9
5,14,2010,47,21,56,40,20,12
5,18,2010,11,37,13,40,19,26
5,21,2010,30,23,15,20,26,17
5,25,2010,14,24,5,19,17,25
5,28,2010,29,20,39,3,11,26
6,1,2010,12,27,51,44,45,30
6,4,2010,17,50,12,15,13,23
6,8,2010,48,12,54,28,18,6
6,11,2010,33,42,6,34,13,25
6,15,2010,21,12,13,4,27,46
6,18,2010,55,37,36,41,11,7
6,22,2010,23,21,17,12,30,24
6,25,2010,1,2,27,19,13,21
6,29,2010,15,27,37,3,4,35
7,2,2010,12,36,1,32,10,25
7,6,2010,8,18,45,47,50,36
7,9,2010,1,31,33,34,50,41
7,13,2010,14,7,11,15,34,14
7,16,2010,2,18,20,39,15,34
7,20,2010,28,43,12,36,18,19
7,23,2010,39,16,49,19,44,26
7,27,2010,10,7,16,2,29,8
7,30,2010,11,40,48,52,30,42
8,3,2010,22,56,13,20,4,32
8,6,2010,13,30,7,54,33,30
8,10,2010,2,26,50,14,56,12
8,13,2010,24,6,43,55,17,36
8,17,2010,40,19,11,43,44,33
8,20,2010,13,4,20,48,29,36
8,24,2010,28,4,23,32,24,31
8,27,2010,4,10,26,32,41,31
8,31,2010,20,29,10,48,47,38
9,3,2010,13,28,20,36,10,9
9,7,2010,8,38,18,22,24,23
9,10,2010,17,11,23,12,21,20
9,14,2010,55,50,6,56,14,1
9,17,2010,14,27,18,4,3,13
9,21,2010,43,52,47,3,20,26
9,24,2010,55,28,38,2,42,25
9,28,2010,38,10,2,13,36,18
10,1,2010,3,52,28,8,21,43
10,5,2010,10,19,44,37,24,27
10,8,2010,37,29,48,24,50,19
10,12,2010,36,43,31,37,10,15
10,15,2010,31,10,9,50,13,10
10,19,2010,42,2,9,14,37,41
10,22,2010,53,18,7,2,32,18
10,26,2010,32,21,31,15,30,26
10,29,2010,28,19,39,26,4,14
11,2,2010,54,16,1,12,3,46
11,5,2010,46,19,34,25,53,15
11,9,2010,53,28,26,8,33,11
11,12,2010,38,35,28,26,9,10
11,16,2010,26,39,46,1,27,21
11,19,2010,31,54,14,51,7,35
11,23,2010,2,35,6,12,34,33
11,26,2010,43,9,34,5,47,8
11,30,2010,16,19,53,47,11,2
12,3,2010,18,56,6,12,11,12
12,7,2010,53,4,45,38,54,9
12,10,2010,44,46,23,33,27,36
12,14,2010,18,38,25,31,22,29
12,17,2010,26,46,11,20,53,12
12,21,2010,8,32,31,11,12,29
12,24,2010,16,15,52,40,27,16
12,28,2010,36,49,18,6,40,7
12,31,2010,56,13,12,35,10,9
1,4,2011,15,47,4,25,8,42
1,7,2011,4,46,22,42,53,20
1,11,2011,45,4,16,1,11,37
1,14,2011,35,33,17,2,15,8
1,18,2011,38,4,27,29,45,5
1,21,2011,21,35,5,9,38,20
1,25,2011,8,50,31,5,46,4
1,28,2011,33,48,50,49,14,18
2,1,2011,16,23,35,26,22,31
2,4,2011,6,29,55,48,20,6
2,8,2011,47,48,35,36,25,18
2,11,2011,32,8,34,17,9,13
2,15,2011,17,39,35,24,18,18
2,18,2011,45,30,5,6,7,42
2,22,2011,15,48,23,55,22,31
2,25,2011,4,19,17,5,50,7
3,1,2011,19,1,12,20,47,25
3,4,2011,10,8,15,23,41,7
3,8,2011,41,55,19,17,3,24
3,11,2011,42,14,45,19,21,6
3,15,2011,10,28,12,11,43,45
3,18,2011,56,14,54,34,33,37
3,22,2011,14,1,53,50,35,43
3,25,2011,22,54,24,31,52,4
3,29,2011,38,6,23,34,15,43
4,1,2011,13,35,53,14,36,19
4,5,2011,20,1,31,19,36,9
4,8,2011,56,45,6,40,50,11
4,12,2011,45,23,10,39,41,15
4,15,2011,23,22,48,39,33,29
4,19,2011,20,51,32,45,24,43
4,22,2011,53,3,18,51,46,17
4,26,2011,19,55,32,29,38,15
4,29,2011,9,51,33,11,10,29
5,3,2011,36,1,16,50,29,16
5,6,2011,26,37,41,6,18,9
5,10,2011,40,16,11,51,34,34
5,13,2011,53,47,39,3,33,9
5,17,2011,1,2,25,17,48,45
5,20,2011,45,17,48,10,19,30
5,24,2011,12,43,9,42,21,42
5,27,2011,28,7,5,56,14,10
5,31,2011,28,55,31,30,37,13
6,3,2011,49,41,53,20,23,31
6,7,2011,32,29,35,47,52,13
6,10,2011,18,27,38,37,21,7
6,14,2011,53,10,20,51,9,24
6,17,2011,47,46,29,12,51,24
6,21,2011,46,24,25,11,31,17
6,24,2011,40,49,14,10,51,4
6,28,2011,47,27,12,48,17,33
7,1,2011,30,12,47,35,17,26
7,5,2011,46,10,13,1,18,19
7,8,2011,22,2,1,37,50,45
7,12,2011,11,49,44,3,9,9
7,15,2011,46,56,16,30,29,6
7,19,2011,2,16,9,10,35,40
7,22,2011,56,31,39,32,23,38
7,26,2011,52,35,55,20,25,10
7,29,2011,8,22,47,10,48,35
8,2,2011,17,19,14,32,20,28
8,5,2011,42,24,28,6,33,19
8,9,2011,19,54,45,11,39,15
8,12,2011,51,54,55,43,9,13
8,16,2011,42,41,43,38,4,44
8,19,2011,53,56,54,15,5,22
8,23,2011,21,44,49,48,11,23
8,26,2011,27,47,30,2,3,36
8,30,2011,22,50,2,28,25,18
9,2,2011,44,48,55,25,49,20
9,6,2011,38,49,1,36,42,19
9,9,2011,31,12,23,19,7,45
9,13,2011,22,56,48,43,31,45
9,16,2011,41,23,45,6,56,24
9,20,2011,38,29,51,50,6,39
9,23,2011,27,32,52,40,21,36
9,27,2011,20,2,36,28,45,37
9,30,2011,19,45,21,3,44,29
10,4,2011,40,3,26,52,45,11
10,7,2011,15,5,38,19,23,19
10,11,2011,25,44,34,56,38,27
10,14,2011,42,54,45,35,13,26
10,18,2011,24,53,25,47,45,42
10,21,2011,6,37,35,38,21,17
10,25,2011,44,40,46,13,33,8
10,28,2011,52,56,49,31,13,41
11,1,2011,39,31,46,40,27,36
11,4,2011,30,33,26,44,32,1
11,8,2011,31,45,54,47,5,4
11,11,2011,29,16,50,2,22,27
11,15,2011,6,24,33,30,3,21
11,18,2011,55,33,4,13,39,3
11,22,2011,33,23,4,48,16,38
11,25,2011,28,42,22,54,49,43
11,29,2011,52,48,29,43,17,36
12,2,2011,48,24,51,56,30,45
12,6,2011,7,49,21,35,29,39
12,9,2011,12,29,49,4,51,44
12,13,2011,6,41,26,22,5,6
12,16,2011,2,4,39,36,26,27
12,20,2011,24,45,51,27,20,31
12,23,2011,8,3,5,29,18,14
12,27,2011,32,43,23,33,39,8
12,30,2011,45,24,52,4,46,1
1,3,2012,15,36,2,3,22,23
1,6,2012,34,28,9,48,17,46
1,10,2012,10,48,38,4,16,34
1,13,2012,10,27,28,51,37,19
1,17,2012,15,53,31,3,36,27
1,20,2012,38,47,28,9,1,8
1,24,2012,10,49,22,36,24,33
1,27,2012,5,3,30,36,48,23
1,31,2012,9,18,28,43,17,9
2,3,2012,7,49,19,21,53,35
2,7,2012,37,45,17,30,23,4
2,10,2012,4,50,18,3,29,20
2,14,2012,3,27,5,10,26,27
2,17,2012,16,25,28,32,40,3
2,21,2012,9,39,42,30,47,37
2,24,2012,27,1,16,25,18,3
2,28,2012,51,15,39,29,6,36
3,2,2012,48,29,52,54,16,5
3,6,2012,31,24,20,33,36,44
3,9,2012,42,9,27,10,36,11
3,13,2012,30,2,8,48,36,31
3,16,2012,43,51,53,29,28,7
3,20,2012,6,11,14,4,1,30
3,23,2012,19,17,6,20,21,20
3,27,2012,19,44,34,9,51,24
3,30,2012,46,23,38,4,2,23
4,3,2012,38,11,35,52,41,40
4,6,2012,20,19,33,2,24,39
4,10,2012,48,31,6,2,12,25
4,13,2012,9,17,42,36,14,33
4,17,2012,32,24,48,1,16,2
4,20,2012,33,26,14,35,23,40
4,24,2012,38,15,3,9,37,39
4,27,2012,5,47,2,46,45,37
5,1,2012,45,27,52,31,24,38
5,4,2012,21,4,53,42,11,38
5,8,2012,2,6,8,51,18,19
5,11,2012,15,35,3,29,54,8
5,15,2012,10,12,14,24,11,6
5,18,2012,49,34,22,11,3,1
5,22,2012,14,43,35,52,10,16
5,25,2012,54,15,40,21,9,11
5,29,2012,2,53,55,29,14,31
6,1,2012,2,52,46,38,27,45
6,5,2012,37,39,55,53,42,22
6,8,2012,9,4,34,48,40,25
6,12,2012,9,17,50,2,34,45
6,15,2012,18,8,12,30,40,4
6,19,2012,53,11,30,27,21,11
6,22,2012,19,32,10,36,16,13
6,26,2012,36,23,3,16,35,20
6,29,2012,39,34,45,28,53,34
7,3,2012,52,36,24,4,3,45
7,6,2012,28,35,39,23,20,21
7,10,2012,36,3,11,19,23,21
7,13,2012,24,13,46,6,7,34
7,17,2012,21,1,49,55,13,17
7,20,2012,50,2,44,48,52,3
7,24,2012,46,5,51,9,38,5
7,27,2012,43,8,4,2,3,26
7,31,2012,21,29,5,18,41,37
8,3,2012,46,38,10,2,13,2
8,7,2012,48,33,30,32,42,7
8,10,2012,10,38,36,44,18,8
8,14,2012,15,34,39,23,55,32
8,17,2012,56,35,20,24,8,24
8,21,2012,5,33,13,23,20,30
8,24,2012,45,34,46,25,49,34
8,28,2012,9,50,40,45,4,39
8,31,2012,40,47,48,31,41,45
9,4,2012,41,39,53,32,16,16
9,7,2012,32,42,15,46,38,31
9,11,2012,20,5,33,36,11,11
9,14,2012,40,21,51,16,17,20
9,18,2012,9,5,22,49,36,36
9,21,2012,13,55,3,14,46,34
9,25,2012,50,51,23,8,7,26
9,28,2012,6,14,8,56,43,28
10,2,2012,55,20,11,10,42,9
10,5,2012,9,16,32,8,39,15
10,9,2012,22,15,6,16,37,3
10,12,2012,26,24,10,6,42,15
10,16,2012,37,46,52,13,40,29
10,19,2012,14,48,36,34,53,42
10,23,2012,42,55,17,1,46,1
10,26,2012,36,4,24,40,15,44
10,30,2012,29,5,12,56,18,38
11,2,2012,38,18,4,44,22,24
11,6,2012,35,32,3,5,13,6
11,9,2012,35,18,40,33,22,11
11,13,2012,12,31,6,46,56,34
11,16,2012,26,5,24,53,29,36
11,20,2012,9,52,13,22,38,44
11,23,2012,47,37,8,44,48,27
11,27,2012,42,26,12,5,49,24
11,30,2012,24,31,28,11,22,46
12,4,2012,19,32,3,43,24,44
12,7,2012,43,7,44,51,56,4
12,11,2012,44,54,39,52,51,13
12,14,2012,41,28,11,33,43,41
12,18,2012,7,18,29,1,6,16
12,21,2012,32,18,3,41,56,19
12,25,2012,2,48,3,18,34,36
12,28,2012,10,41,32,13,40,32
1,1,2013,11,21,4,44,25,29
1,4,2013,2,23,55,25,1,39
1,8,2013,3,38,20,21,42,19
1,11,2013,29,56,24,34,30,1
1,15,2013,19,1,41,12,6,14
1,18,2013,42,49,8,18,25,14
1,22,2013,16,39,7,54,11,13
1,25,2013,11,17,31,48,12,1
1,29,2013,27,47,12,46,8,6
2,1,2013,41,1,32,30,40,17
2,5,2013,44,26,10,5,2,46
2,8,2013,20,39,15,50,6,5
2,12,2013,9,38,55,32,22,44
2,15,2013,11,42,35,44,41,42
2,19,2013,15,30,1,19,56,28
2,22,2013,13,38,9,49,24,30
2,26,2013,6,7,13,43,15,7
3,1,2013,51,43,30,17,38,20
3,5,2013,46,39,20,6,41,42
3,8,2013,25,11,4,35,34,44
3,12,2013,9,12,19,30,20,39
3,15,2013,8,22,4,32,17,8
3,19,2013,3,37,6,21,14,35
3,22,2013,14,41,34,37,27,38
3,26,2013,51,33,49,46,20,46
3,29,2013,25,31,46,53,36,21
4,2,2013,47,10,40,14,7,34
4,5,2013,23,36,15,8,41,5
4,9,2013,54,17,30,41,48,13
4,12,2013,10,21,13,19,1,28
4,16,2013,2,39,18,15,5,42
4,19,2013,8,6,22,43,12,28
4,23,2013,21,50,22,9,32,10
4,26,2013,17,54,42,55,49,31
4,30,2013,49,39,21,34,30,43
5,3,2013,54,2,42,34,20,39
5,7,2013,1,20,13,51,6,31
5,10,2013,20,49,1,39,19,28
5,14,2013,12,32,6,28,10,38
5,17,2013,35,11,49,43,15,41
5,21,2013,55,15,48,2,17,11
5,24,2013,4,16,5,53,18,28
5,28,2013,25,4,32,54,12,36
5,31,2013,44,26,20,46,2,26
6,4,2013,11,20,55,10,12,19
6,7,2013,37,1,55,48,10,21
6,11,2013,45,40,15,50,53,28
6,14,2013,2,34,5,31,33,20
6,18,2013,6,17,34,48,40,30
6,21,2013,3,50,40,17,14,3
6,25,2013,3,5,28,33,51,16
6,28,2013,8,52,46,35,15,38
7,2,2013,52,53,42,36,51,40
7,5,2013,23,41,47,54,2,42
7,9,2013,21,43,3,48,45,14
7,12,2013,5,27,51,25,4,10
7,16,2013,14,53,21,40,10,20
7,19,2013,16,24,39,20,42,46
7,23,2013,51,32,25,50,35,46
7,26,2013,22,4,27,23,38,42
7,30,2013,25,27,44,42,36,39
8,2,2013,39,8,21,23,25,4
8,6,2013,11,51,55,1,16,41
8,9,2013,34,11,38,30,20,12
8,13,2013,2,41,37,31,32,40
8,16,2013,13,26,46,7,36,37
8,20,2013,13,35,38,28,41,33
8,23,2013,1,53,17,20,9,14
8,27,2013,7,4,36,38,30,38
8,30,2013,6,43,24,44,19,33
9,3,2013,28,4,41,14,13,28
9,6,2013,2,17,41,16,22,31
9,10,2013,12,2,54,56,18,1
9,13,2013,48,9,28,54,22,8
9,17,2013,15,6,39,27,31,25
9,20,2013,15,20,21,1,47,34
9,24,2013,4,39,32,11,40,33
9,27,2013,27,23,49,51,9,38
10,1,2013,53,30,10,37,7,1
10,4,2013,25,44,4,16,24,5
10,8,2013,19,23,15,6,40,5
10,11,2013,48,45,37,3,27,46
10,15,2013,4,43,30,23,50,11
10,18,2013,5,45,20,56,48,1
10,22,2013,3,2,19,71,52,14
10,25,2013,45,16,60,54,6,15
10,29,2013,54,53,33,50,20,7
11,1,2013,49,35,32,62,67,1
11,5,2013,74,11,2,64,42,2
11,8,2013,41,42,65,51,57,7
11,12,2013,20,71,32,42,30,15
11,15,2013,54,63,49,44,25,8
11,19,2013,14,63,49,29,15,2
11,22,2013,44,23,36,35,17,8
11,26,2013,74,59,27,44,75,3
11,29,2013,41,9,43,57,47,5
12,3,2013,12,41,7,44,59,3
12,6,2013,64,11,44,63,29,3
12,10,2013,65,22,41,5,12,13
12,13,2013,27,26,24,19,70,12
12,17,2013,8,20,14,17,39,7
12,20,2013,49,3,31,4,57,6
12,24,2013,73,53,58,34,23,2
12,27,2013,4,48,15,49,35,11
12,31,2013,58,12,8,52,34,8
1,3,2014,25,70,24,22,40,5
1,7,2014,13,34,64,62,56,6
1,10,2014,8,37,36,57,28,8
1,14,2014,4,69,23,26,62,13
1,17,2014,1,10,31,26,51,11
1,21,2014,45,33,8,52,23,4
1,24,2014,46,65,45,47,22,10
1,28,2014,16,53,60,28,7,2
1,31,2014,9,13,47,3,52,8
2,4,2014,60,25,73,44,49,9
2,7,2014,64,35,11,23,21,10
2,11,2014,67,64,43,71,73,4
2,14,2014,20,35,28,71,72,7
2,18,2014,70,31,29,23,37,14
2,21,2014,45,23,46,29,32,15
2,25,2014,66,35,18,12,25,15
2,28,2014,50,31,59,58,3,6
3,4,2014,10,35,31,45,29,10
3,7,2014,51,11,69,57,13,1
3,11,2014,56,14,9,69,57,10
3,14,2014,7,69,54,20,40,12
3,18,2014,51,24,11,33,19,7
3,21,2014,2,23,30,35,53,10
3,25,2014,19,57,51,26,73,15
3,28,2014,2,9,50,3,73,12
4,1,2014,68,23,74,10,75,9
4,4,2014,15,10,54,1,41,9
4,8,2014,35,71,36,41,60,3
4,11,2014,3,44,42,47,57,8
4,15,2014,39,4,70,46,47,13
4,18,2014,45,18,25,38,63,9
4,22,2014,18,49,2,50,19,1
4,25,2014,11,66,18,20,3,9
4,29,2014,61,66,43,59,7,3
5,2,2014,18,1,35,26,40,13
5,6,2014,18,51,48,27,20,5
5,9,2014,39,10,59,28,51,14
5,13,2014,46,48,37,70,74,1
5,16,2014,56,14,13,16,50,11
5,20,2014,40,64,63,10,69,7
5,23,2014,21,70,14,38,12,15
5,27,2014,1,46,58,10,6,13
5,30,2014,42,10,13,43,62,2
6,3,2014,62,19,66,74,28,6
6,6,2014,49,37,12,72,29,9
6,10,2014,74,10,24,2,26,7
6,13,2014,7,46,38,49,56,1
6,17,2014,24,60,14,10,47,3
6,20,2014,25,1,56,29,22,3
6,24,2014,65,47,24,17,13,10
6,27,2014,46,64,29,15,31,10
7,1,2014,9,47,38,49,22,15
7,4,2014,58,33,39,16,69,2
7,8,2014,48,27,25,49,14,9
7,11,2014,13,9,30,35,69,10
7,15,2014,40,2,17,4,36,5
7,18,2014,5,59,65,8,72,3
7,22,2014,31,47,22,14,18,15
7,25,2014,33,29,41,68,22,12
7,29,2014,2,16,43,74,8,1
8,1,2014,13,34,72,37,29,6
8,5,2014,53,28,45,36,25,6
8,8,2014,9,70,61,16,75,7
8,12,2014,63,32,53,60,68,6
8,15,2014,28,19,29,16,68,9
8,19,2014,71,22,67,39,56,15
8,22,2014,31,34,5,74,41,3
8,26,2014,31,64,60,29,51,1
8,29,2014,58,73,26,3,45,12
9,2,2014,72,69,8,1,54,1
9,5,2014,12,24,7,20,59,7
9,9,2014,70,55,25,34,71,1
9,12,2014,36,18,28,33,42,7
9,16,2014,73,51,53,25,45,2
9,19,2014,16,34,25,29,27,2
9,23,2014,43,21,24,40,25,12
9,26,2014,26,35,62,17,46,9
9,30,2014,61,52,54,16,3,6
10,3,2014,20,58,3,34,67,6
10,7,2014,46,55,29,48,16,2
10,10,2014,32,59,35,2,50,3
10,14,2014,46,37,64,11,68,15
10,17,2014,60,31,43,56,21,12
10,21,2014,41,5,35,66,37,11
10,24,2014,2,55,21,28,14,3
10,28,2014,3,57,60,50,58,11
10,31,2014,67,11,58,36,29,15
11,4,2014,15,24,41,9,39,1
11,7,2014,66,35,31,41,65,5
11,11,2014,28,75,23,30,25,11
11,14,2014,68,62,49,3,61,15
11,18,2014,53,68,39,37,75,6
11,21,2014,37,63,3,12,35,15
11,25,2014,29,10,47,11,56,4
11,28,2014,47,26,29,8,36,10
12,2,2014,49,18,13,22,62,11
12,5,2014,59,5,11,51,4,5
12,9,2014,45,52,49,27,51,14
12,12,2014,58,46,65,31,2,7
12,16,2014,68,58,41,72,73,1
12,19,2014,59,58,14,68,18,4
12,23,2014,31,56,66,10,4,7
12,26,2014,10,20,2,38,5,14
12,30,2014,63,3,67,44,7,12
1,2,2015,35,15,62,74,13,12
1,6,2015,20,12,27,38,75,4
1,9,2015,37,56,50,49,57,8
1,13,2015,20,50,12,51,25,7
1,16,2015,26,32,44,58,45,11
1,20,2015,63,56,35,31,59,6
1,23,2015,68,72,15,32,14,8
1,27,2015,44,5,57,27,26,7
1,30,2015,31,45,18,39,55,6
2,3,2015,25,22,69,11,58,13
2,6,2015,6,68,33,17,5,13
2,10,2015,42,58,71,7,53,15
2,13,2015,4,74,44,20,65,14
2,17,2015,50,66,45,65,6,1
2,20,2015,8,2,6,66,52,13
2,24,2015,23,26,66,15,45,4
2,27,2015,60,53,7,64,49,4
3,3,2015,11,9,44,50,42,3
3,6,2015,55,73,30,48,68,5
3,10,2015,73,10,30,14,19,14
3,13,2015,42,45,8,30,22,3
3,17,2015,44,45,11,58,27,3
3,20,2015,7,54,61,75,50,7
3,24,2015,23,2,45,55,32,12
3,27,2015,58,17,70,36,21,3
3,31,2015,26,61,41,73,8,11
4,3,2015,10,74,63,36,47,2
4,7,2015,22,15,26,5,64,6
4,10,2015,68,6,11,32,46,9
4,14,2015,68,7,71,25,3,3
4,17,2015,50,18,29,41,15,5
4,21,2015,35,69,41,31,33,11
4,24,2015,24,67,47,25,29,4
4,28,2015,63,27,58,22,55,11
5,1,2015,61,66,18,17,74,3
5,5,2015,21,42,62,11,71,7
5,8,2015,25,21,9,66,72,7
5,12,2015,44,30,14,36,33,2
5,15,2015,36,11,17,21,74,15
5,19,2015,65,10,21,29,12,10
5,22,2015,48,15,25,14,3,8
5,26,2015,72,52,69,39,1,12
5,29,2015,49,38,66,20,27,2
6,2,2015,2,11,22,9,23,12
6,5,2015,49,7,27,41,22,10
6,9,2015,17,16,6,25,36,7
6,12,2015,42,40,56,62,1,2
6,16,2015,56,26,67,19,8,14
6,19,2015,4,52,36,68,35,8
6,23,2015,38,70,56,13,6,2
6,26,2015,33,12,50,47,23,3
6,30,2015,43,34,17,11,50,15
7,3,2015,33,50,64,71,72,9
7,7,2015,6,49,16,28,15,14
7,10,2015,24,27,54,45,51,8
7,14,2015,35,24,72,19,30,5
7,17,2015,30,6,31,41,17,15
7,21,2015,74,30,20,65,62,1
7,24,2015,10,62,60,26,12,13
7,28,2015,75,35,68,61,8,15
7,31,2015,33,32,46,28,40,10
8,4,2015,51,19,44,2,57,14
8,7,2015,66,53,38,1,63,10
8,11,2015,57,29,8,68,3,8
8,14,2015,52,12,15,71,20,3
8,18,2015,2,39,7,53,33,9
8,21,2015,21,15,13,72,41,1
8,25,2015,59,44,54,63,5,1
8,28,2015,40,68,13,60,35,9
9,1,2015,40,54,5,35,2,13
9,4,2015,21,52,17,39,57,5
9,8,2015,20,36,46,41,19,7
9,11,2015,31,5,50,67,11,14
9,15,2015,35,56,49,7,20,9
9,18,2015,17,35,34,65,51,7
9,22,2015,30,38,51,28,45,8
9,25,2015,51,8,38,3,64,4
9,29,2015,21,62,8,61,30,9
10,2,2015,4,47,29,14,31,9
10,6,2015,17,63,58,66,64,13
10,9,2015,8,63,75,9,21,14
10,13,2015,52,38,9,7,24,1
10,16,2015,48,2,61,38,68,4
10,20,2015,52,35,6,38,25,4
10,23,2015,25,70,45,32,37,1
10,27,2015,27,9,29,74,26,4
10,30,2015,17,56,53,51,41,15
11,3,2015,44,16,69,29,74,12
11,6,2015,50,72,35,31,10,8
11,10,2015,8,45,17,71,20,4
11,13,2015,17,31,18,59,35,9
11,17,2015,12,18,14,61,24,10
11,20,2015,12,67,29,37,9,15
11,24,2015,38,19,2,30,70,8
11,27,2015,59,20,39,16,56,12
12,1,2015,7,25,50,5,59,12
12,4,2015,61,42,73,26,47,6
12,8,2015,7,17,37,73,49,15
12,11,2015,14,43,69,54,20,5
12,15,2015,47,25,61,51,18,5
12,18,2015,28,62,6,23,24,7
12,22,2015,70,21,50,11,40,15
12,25,2015,15,44,25,29,51,4
12,29,2015,55,20,74,25,62,7
1,1,2016,18,37,39,7,38,9
1,5,2016,36,57,1,48,4,13
1,8,2016,51,39,11,57,75,2
1,12,2016,29,15,48,31,27,15
1,15,2016,53,70,41,29,54,12
1,19,2016,47,2,39,17,31,9
1,22,2016,56,25,46,21,40,3
1,26,2016,14,27,39,50,69,2
1,29,2016,28,51,20,52,49,6
2,2,2016,7,25,70,51,13,9
2,5,2016,23,4,75,6,55,2
2,9,2016,71,56,3,46,42,13
2,12,2016,68,44,1,7,73,1
2,16,2016,64,31,33,9,46,4
2,19,2016,27,50,41,2,75,4
2,23,2016,39,53,16,32,57,10
2,26,2016,74,15,19,3,62,14
3,1,2016,55,33,34,29,1,6
3,4,2016,26,48,73,21,33,14
3,8,2016,37,66,27,69,54,5
3,11,2016,71,14,54,18,48,13
3,15,2016,30,26,68,18,44,7
3,18,2016,73,57,59,8,5,13
3,22,2016,34,6,19,70,38,5
3,25,2016,35,11,12,46,4,12
3,29,2016,38,40,46,33,49,15
4,1,2016,41,69,25,28,33,6
4,5,2016,57,53,13,45,52,10
4,8,2016,38,52,71,65,31,15
4,12,2016,59,7,62,63,11,3
4,15,2016,37,10,34,73,9,9
4,19,2016,28,9,40,57,65,2
4,22,2016,19,42,60,21,2,13
4,26,2016,16,14,48,17,28,2
4,29,2016,5,37,74,6,55,10
5,3,2016,28,36,45,33,29,15
5,6,2016,32,26,14,27,36,7
5,10,2016,56,74,22,46,12,4
5,13,2016,66,20,54,38,21,7
5,17,2016,48,27,75,17,24,6
5,20,2016,26,24,19,68,40,8
5,24,2016,70,50,11,51,75,15
5,27,2016,41,50,70,18,68,9
5,31,2016,9,41,49,31,34,8
6,3,2016,32,71,54,66,65,10
6,7,2016,72,65,51,25,48,4
6,10,2016,34,66,67,68,61,7
6,14,2016,37,52,36,38,62,6
6,17,2016,59,20,23,30,44,9
6,21,2016,49,50,13,6,21,10
6,24,2016,54,57,63,14,11,11
6,28,2016,55,17,15,20,35,7
7,1,2016,49,45,20,42,41,14
7,5,2016,29,64,46,53,73,10
7,8,2016,20,19,55,73,8,5
7,12,2016,22,8,6,46,68,4
7,15,2016,58,51,16,52,56,4
7,19,2016,65,34,54,66,3,4
7,22,2016,8,24,25,26,30,7
7,26,2016,4,36,1,54,31,9
7,29,2016,31,19,11,16,48,4
8,2,2016,12,70,36,3,54,12
8,5,2016,5,54,28,18,74,6
8,9,2016,12,20,66,44,19,1
8,12,2016,41,56,4,44,69,10
8,16,2016,43,2,62,63,52,6
8,19,2016,73,65,22,37,45,13
8,23,2016,61,7,46,2,66,1
8,26,2016,41,44,31,11,10,14
8,30,2016,32,51,71,41,28,11
9,2,2016,28,41,22,60,46,3
9,6,2016,37,69,58,75,25,8
9,9,2016,43,1,34,63,44,11
9,13,2016,6,17,39,15,56,15
9,16,2016,40,34,13,21,28,15
9,20,2016,2,62,34,22,72,2
9,23,2016,8,62,5,1,25,14
9,27,2016,16,53,72,14,26,4
9,30,2016,50,21,57,47,30,9
10,4,2016,54,30,29,66,18,1
10,7,2016,42,65,37,50,24,14
10,11,2016,42,45,39,48,36,3
10,14,2016,64,74,27,60,7,5
10,18,2016,24,7,74,28,65,1
10,21,2016,44,48,12,43,66,3
10,25,2016,24,49,67,9,8,13
10,28,2016,38,66,7,46,57,2
11,1,2016,39,19,31,24,45,13
11,4,2016,29,32,10,46,44,10
11,8,2016,48,74,46,53,61,12
11,11,2016,40,16,53,59,47,11
11,15,2016,23,57,71,9,17,6
11,18,2016,31,32,49,55,58,15
11,22,2016,45,69,1,66,43,7
11,25,2016,69,44,75,47,49,10
11,29,2016,51,33,49,59,22,8
12,2,2016,49,3,51,33,35,1
12,6,2016,13,34,48,53,63,12
12,9,2016,47,68,19,27,67,1
12,13,2016,41,34,2,26,15,14
12,16,2016,1,43,36,15,8,6
12,20,2016,12,48,65,1,14,2
12,23,2016,60,69,39,30,21,15
12,27,2016,30,2,39,28,38,11
12,30,2016,6,43,33,39,21,2
1,3,2017,49,16,14,23,53,12
1,6,2017,10,47,54,6,44,6
1,10,2017,41,11,40,59,20,15
1,13,2017,74,58,10,44,75,11
1,17,2017,20,54,59,31,56,3
1,20,2017,41,24,7,53,9,14
1,24,2017,54,67,42,63,8,11
1,27,2017,61,53,54,17,37,8
1,31,2017,3,27,14,72,62,4
2,3,2017,3,30,6,64,29,3
2,7,2017,28,37,23,71,56,12
2,10,2017,32,39,51,62,75,14
2,14,2017,7,11,68,60,33,15
2,17,2017,67,4,75,56,58,8
2,21,2017,32,75,30,21,9,9
2,24,2017,68,29,12,42,33,14
2,28,2017,33,69,58,45,20,4
3,3,2017,48,14,26,51,39,9
3,7,2017,30,68,3,53,45,11
3,10,2017,38,42,70,26,58,5
3,14,2017,16,59,33,28,23,13
3,17,2017,58,31,11,27,60,10
3,21,2017,45,4,53,75,73,7
3,24,2017,37,69,61,28,5,1
3,28,2017,35,30,46,37,33,10
3,31,2017,32,27,58,17,24,10
4,4,2017,35,24,13,34,55,9
4,7,2017,43,69,33,47,30,15
4,11,2017,34,38,35,49,19,8
4,14,2017,73,5,10,60,55,12
4,18,2017,64,29,8,43,30,6
4,21,2017,1,12,32,34,13,10
4,25,2017,3,50,13,40,33,2
4,28,2017,18,6,13,20,31,13
5,2,2017,43,42,5,58,14,1
5,5,2017,47,23,53,33,4,7
5,9,2017,6,45,73,69,29,11
5,12,2017,42,47,28,34,41,13
5,16,2017,56,35,4,72,39,11
5,19,2017,5,24,4,30,1,1
5,23,2017,33,6,17,60,13,14
5,26,2017,56,26,28,25,37,5
5,30,2017,32,37,20,5,67,5
6,2,2017,72,7,57,42,69,10
6,6,2017,49,75,16,3,5,5
6,9,2017,33,37,16,3,28,9
6,13,2017,62,51,75,68,27,8
6,16,2017,18,26,44,30,22,9
6,20,2017,63,41,2,49,15,3
6,23,2017,20,12,66,74,53,11
6,27,2017,4,57,21,45,52,14
6,30,2017,10,55,51,38,64,6
7,4,2017,53,16,39,71,47,15
7,7,2017,60,28,9,11,2,10
7,11,2017,55,74,7,24,18,10
7,14,2017,73,24,12,11,32,1
7,18,2017,73,51,8,23,12,6
7,21,2017,18,31,50,36,74,10
7,25,2017,58,5,60,26,2,6
7,28,2017,4,31,6,49,52,11
8,1,2017,52,20,22,57,73,7
8,4,2017,25,17,71,9,63,4
8,8,2017,11,17,50,52,74,14
8,11,2017,56,23,58,33,53,6
8,15,2017,7,20,16,73,66,7
8,18,2017,31,40,1,75,34,6
8,22,2017,51,24,46,35,50,7
8,25,2017,65,51,38,42,17,11
8,29,2017,17,73,2,13,35,3
9,1,2017,64,13,4,50,31,12
9,5,2017,17,59,70,11,72,1
9,8,2017,4,73,14,26,5,14
9,12,2017,37,65,26,54,41,3
9,15,2017,38,34,18,58,24,3
9,19,2017,9,61,50,28,31,10
9,22,2017,63,39,54,5,66,15
9,26,2017,10,66,1,75,57,4
9,29,2017,62,73,74,51,25,7
10,3,2017,25,18,19,12,67,7
10,6,2017,33,56,21,45,36,12
10,10,2017,16,7,61,62,24,2
10,13,2017,31,7,26,2,18,12
10,17,2017,49,70,56,31,45,11
10,20,2017,63,6,73,66,23,9
10,24,2017,24,64,34,56,20,6
10,27,2017,51,41,27,52,17,13
10,31,2017,31,53,6,28,52,12
11,3,2017,69,10,61,42,22,3
11,7,2017,1,68,69,60,54,11
11,10,2017,6,38,42,23,58,24
11,14,2017,14,1,21,22,28,19
11,17,2017,26,55,70,58,3,15
11,21,2017,7,3,27,50,22,3
11,24,2017,16,36,54,61,64,22
11,28,2017,10,47,17,51,61,5
12,1,2017,41,22,59,40,16,8
12,5,2017,15,42,67,14,37,22
12,8,2017,46,6,60,37,70,24
12,12,2017,24,25,23,27,8,9
12,15,2017,4,44,57,36,12,19
12,19,2017,37,39,58,28,42,2
12,22,2017,30,33,42,1,20,16
12,26,2017,41,12,10,38,20,25
12,29,2017,28,4,10,62,18,7
1,2,2018,1,42,64,47,70,22
1,5,2018,70,59,30,28,39,10
1,9,2018,16,29,67,31,65,23
1,12,2018,46,17,33,60,18,24
1,16,2018,3,29,59,23,11,18
1,19,2018,49,3,23,66,17,23
1,23,2018,31,30,55,6,2,7
1,26,2018,27,38,43,16,10,1
1,30,2018,29,57,49,42,41,24
2,2,2018,17,40,4,1,14,4
2,6,2018,25,14,48,17,58,25
2,9,2018,28,41,34,47,46,14
2,13,2018,5,46,15,49,12,1
2,16,2018,38,48,58,14,53,16
2,20,2018,24,43,17,19,23,14
2,23,2018,13,58,11,19,7,9
2,27,2018,10,38,17,21,43,23
3,2,2018,60,64,28,24,42,8
3,6,2018,1,4,39,35,26,22
3,9,2018,18,46,17,66,7,22
3,13,2018,6,30,61,60,58,17
3,16,2018,26,52,33,1,13,11
3,20,2018,14,38,51,70,64,9
3,23,2018,59,53,23,4,8,17
3,27,2018,25,56,7,43,59,13
3,30,2018,59,46,28,11,31,1
4,3,2018,39,4,29,62,42,14
4,6,2018,33,51,67,16,54,20
4,10,2018,43,31,5,13,53,20
4,13,2018,8,9,42,32,59,10
4,17,2018,47,44,34,65,12,22
4,20,2018,32,45,1,18,15,4
4,24,2018,48,32,3,19,31,10
4,27,2018,38,2,63,66,29,11
5,1,2018,55,70,2,20,7,1
5,4,2018,10,4,12,18,5,21
5,8,2018,64,67,39,8,15,13
5,11,2018,38,14,40,70,53,22
5,15,2018,44,49,21,61,34,21
5,18,2018,53,9,26,64,66,11
5,22,2018,36,16,21,17,48,9
5,25,2018,68,64,51,11,14,25
5,29,2018,58,2,67,11,55,2
6,1,2018,24,52,62,5,66,17
6,5,2018,48,52,33,41,22,4
6,8,2018,33,56,30,14,44,13
6,12,2018,70,3,5,1,8,3
6,15,2018,37,51,11,1,47,6
6,19,2018,13,28,11,70,65,14
6,22,2018,44,11,6,2,27,20
6,26,2018,39,25,60,29,17,19
6,29,2018,68,49,32,2,47,23
7,3,2018,68,13,45,35,49,23
7,6,2018,56,50,46,2,10,16
7,10,2018,28,56,70,1,17,14
7,13,2018,39,22,68,21,59,2
7,17,2018,61,40,66,67,41,12
7,20,2018,44,14,30,62,1,1
7,24,2018,19,2,4,1,29,20
7,27,2018,49,1,63,40,32,20
7,31,2018,35,64,15,69,12,9
8,3,2018,30,60,28,54,9,2
8,7,2018,13,21,62,2,15,2
8,10,2018,3,42,22,12,1,6
8,14,2018,44,26,11,45,46,11
8,17,2018,47,32,1,56,31,3
8,21,2018,57,38,19,14,16,11
8,24,2018,6,1,18,13,49,8
8,28,2018,33,34,20,3,41,20
8,31,2018,7,18,45,32,29,17
9,4,2018,2,25,44,35,7,3
9,7,2018,8,68,10,54,41,10
9,11,2018,62,51,15,30,67,19
9,14,2018,40,66,23,30,43,13
9,18,2018,43,32,31,63,68,17
9,21,2018,11,52,64,2,1,9
9,25,2018,48,32,8,61,16,12
9,28,2018,39,56,45,52,59,15
10,2,2018,2,29,34,31,22,1
10,5,2018,41,32,27,69,28,12
10,9,2018,54,22,39,20,60,18
10,12,2018,70,24,46,4,61,7
10,16,2018,69,45,61,3,49,9
10,19,2018,65,53,23,15,70,7
10,23,2018,28,70,5,62,65,5
10,26,2018,28,1,61,63,62,5
10,30,2018,20,49,39,31,46,23
11,2,2018,62,3,28,46,23,16
11,6,2018,28,34,56,69,37,12
11,9,2018,27,67,8,14,57,5
11,13,2018,65,69,46,57,34,11
11,16,2018,63,36,33,68,69,16
11,20,2018,16,31,66,10,42,10
11,23,2018,10,7,30,33,59,23
11,27,2018,24,42,57,37,12,18
11,30,2018,25,63,40,43,28,19
12,4,2018,28,41,50,31,42,4
12,7,2018,33,4,10,20,57,13
12,11,2018,59,38,4,54,39,12
12,14,2018,26,5,49,43,22,23
12,18,2018,69,32,13,60,22,9
12,21,2018,70,13,61,10,62,5
12,25,2018,8,42,50,43,2,6
12,28,2018,9,38,37,10,25,21
1,1,2019,57,70,34,62,44,14
1,4,2019,29,60,35,21,54,15
1,8,2019,13,38,26,29,64,5
1,11,2019,31,5,4,62,69,20
